0,https://www.homes.co.jp/kodate/b-1219940000454/
1,https://www.homes.co.jp/kodate/b-32105700000184/
2,https://www.homes.co.jp/kodate/b-1207840000398/
3,https://www.homes.co.jp/kodate/b-1219940000459/
4,https://www.homes.co.jp/kodate/b-1150510000685/
5,https://www.homes.co.jp/kodate/b-1150510000573/
6,https://www.homes.co.jp/kodate/b-1150510000418/
7,https://www.homes.co.jp/kodate/b-32108130000024/
8,https://www.homes.co.jp/kodate/b-1219940000450/
9,https://www.homes.co.jp/kodate/b-32215920000055/
10,https://www.homes.co.jp/kodate/b-32215920000011/
11,https://www.homes.co.jp/kodate/b-1207840000331/
12,https://www.homes.co.jp/kodate/b-32212240000018/
13,https://www.homes.co.jp/kodate/b-1150510000588/
14,https://www.homes.co.jp/kodate/b-1219940000457/
15,https://www.homes.co.jp/kodate/b-1219940000461/
16,https://www.homes.co.jp/kodate/b-1219940000451/
17,https://www.homes.co.jp/kodate/b-32215920000063/
18,https://www.homes.co.jp/kodate/b-1207840000019/
19,https://www.homes.co.jp/kodate/b-32215830000004/
20,https://www.homes.co.jp/kodate/b-32212540000063/
21,https://www.homes.co.jp/kodate/b-32105790000060/
22,https://www.homes.co.jp/kodate/b-32105780000011/
23,https://www.homes.co.jp/kodate/b-32215920000044/
24,https://www.homes.co.jp/kodate/b-32105700000165/
25,https://www.homes.co.jp/kodate/b-1219940000307/
26,https://www.homes.co.jp/kodate/b-1219940000460/
27,https://www.homes.co.jp/kodate/b-32105560000046/
28,https://www.homes.co.jp/kodate/b-32212360000093/
29,https://www.homes.co.jp/kodate/b-37021790000600/
30,https://www.homes.co.jp/kodate/b-1207840000279/
31,https://www.homes.co.jp/kodate/b-1219930000557/
32,https://www.homes.co.jp/kodate/b-32105790000062/
33,https://www.homes.co.jp/kodate/b-1150510000848/
34,https://www.homes.co.jp/kodate/b-32105780000013/
35,https://www.homes.co.jp/kodate/b-1219940000462/
36,https://www.homes.co.jp/kodate/b-32212540000066/
37,https://www.homes.co.jp/kodate/b-32105780000004/
38,https://www.homes.co.jp/kodate/b-1207840000310/
39,https://www.homes.co.jp/kodate/b-1150510000131/
40,https://www.homes.co.jp/kodate/b-32215920000064/
41,https://www.homes.co.jp/kodate/b-32105780000012/
42,https://www.homes.co.jp/kodate/b-1219940000438/
43,https://www.homes.co.jp/kodate/b-32105790000059/
44,https://www.homes.co.jp/kodate/b-1150510000200/
45,https://www.homes.co.jp/kodate/b-32105270000252/
46,https://www.homes.co.jp/kodate/b-1207840000272/
47,https://www.homes.co.jp/kodate/b-32215920000069/
48,https://www.homes.co.jp/kodate/b-1150510000605/
