0,https://www.homes.co.jp/tochi/b-1192990002081/
1,https://www.homes.co.jp/tochi/b-1192990001923/
2,https://www.homes.co.jp/tochi/b-1294120001587/
3,https://www.homes.co.jp/tochi/b-1294120001609/
4,https://www.homes.co.jp/tochi/b-1014260004989/
5,https://www.homes.co.jp/tochi/b-1014030007844/
6,https://www.homes.co.jp/tochi/b-1014030007904/
7,https://www.homes.co.jp/tochi/b-1014030007509/
8,https://www.homes.co.jp/tochi/b-1014030007537/
9,https://www.homes.co.jp/tochi/b-1014030007935/
10,https://www.homes.co.jp/tochi/b-37070230004166/
11,https://www.homes.co.jp/tochi/b-1357530000105/
12,https://www.homes.co.jp/tochi/b-1357530000062/
13,https://www.homes.co.jp/tochi/b-37070230002276/
14,https://www.homes.co.jp/tochi/b-91020000020/
15,https://www.homes.co.jp/tochi/b-77860013238/
16,https://www.homes.co.jp/tochi/b-77860013190/
17,https://www.homes.co.jp/tochi/b-1280340000058/
18,https://www.homes.co.jp/tochi/b-1280340000084/
19,https://www.homes.co.jp/tochi/b-1383240000190/
20,https://www.homes.co.jp/tochi/b-1013960009913/
21,https://www.homes.co.jp/tochi/b-1014160008662/
22,https://www.homes.co.jp/tochi/b-1013990009945/
23,https://www.homes.co.jp/tochi/b-1013990009955/
24,https://www.homes.co.jp/tochi/b-1014160008417/
25,https://www.homes.co.jp/tochi/b-1013990009401/
26,https://www.homes.co.jp/tochi/b-1013990010267/
27,https://www.homes.co.jp/tochi/b-1145580001361/
28,https://www.homes.co.jp/tochi/b-1210170000085/
29,https://www.homes.co.jp/tochi/b-1294120000343/
30,https://www.homes.co.jp/tochi/b-1073050002343/
31,https://www.homes.co.jp/tochi/b-1013960010021/
32,https://www.homes.co.jp/tochi/b-32231340000082/
33,https://www.homes.co.jp/tochi/b-1294120001826/
34,https://www.homes.co.jp/tochi/b-1277060001209/
35,https://www.homes.co.jp/tochi/b-1294120001848/
36,https://www.homes.co.jp/tochi/b-1192990001471/
37,https://www.homes.co.jp/tochi/b-1013990009946/
38,https://www.homes.co.jp/tochi/b-87660001686/
39,https://www.homes.co.jp/tochi/b-86500001603/
40,https://www.homes.co.jp/tochi/b-1174060002304/
41,https://www.homes.co.jp/tochi/b-1174060002308/
42,https://www.homes.co.jp/tochi/b-1463890000035/
43,https://www.homes.co.jp/tochi/b-1380480000412/
44,https://www.homes.co.jp/tochi/b-1380480000563/
45,https://www.homes.co.jp/tochi/b-1240770001436/
46,https://www.homes.co.jp/tochi/b-1014030007282/
47,https://www.homes.co.jp/tochi/b-1360180001484/
48,https://www.homes.co.jp/tochi/b-1014160008703/
49,https://www.homes.co.jp/tochi/b-1014160008531/
50,https://www.homes.co.jp/tochi/b-1380480000626/
51,https://www.homes.co.jp/tochi/b-1380480000593/
52,https://www.homes.co.jp/tochi/b-1360180001244/
53,https://www.homes.co.jp/tochi/b-1014160008729/
54,https://www.homes.co.jp/tochi/b-1013960010022/
55,https://www.homes.co.jp/tochi/b-1366120000048/
56,https://www.homes.co.jp/tochi/b-1422710000010/
57,https://www.homes.co.jp/tochi/b-1374500000069/
58,https://www.homes.co.jp/tochi/b-1179840000196/
59,https://www.homes.co.jp/tochi/b-1396350001151/
60,https://www.homes.co.jp/tochi/b-1013960008531/
61,https://www.homes.co.jp/tochi/b-1360180001393/
62,https://www.homes.co.jp/tochi/b-1014260005971/
63,https://www.homes.co.jp/tochi/b-77860011888/
64,https://www.homes.co.jp/tochi/b-1014160007652/
65,https://www.homes.co.jp/tochi/b-1235350001857/
66,https://www.homes.co.jp/tochi/b-1235350001896/
67,https://www.homes.co.jp/tochi/b-1145640000980/
68,https://www.homes.co.jp/tochi/b-1145580001299/
69,https://www.homes.co.jp/tochi/b-1073050001228/
70,https://www.homes.co.jp/tochi/b-1471830000044/
71,https://www.homes.co.jp/tochi/b-1471830000043/
72,https://www.homes.co.jp/tochi/b-1013990009870/
73,https://www.homes.co.jp/tochi/b-1014330007814/
74,https://www.homes.co.jp/tochi/b-1013990009990/
75,https://www.homes.co.jp/tochi/b-1013990010322/
76,https://www.homes.co.jp/tochi/b-1462350000180/
77,https://www.homes.co.jp/tochi/b-1462350000184/
78,https://www.homes.co.jp/tochi/b-1462350000199/
79,https://www.homes.co.jp/tochi/b-1145610001487/
80,https://www.homes.co.jp/tochi/b-1145610001481/
81,https://www.homes.co.jp/tochi/b-1380480000539/
82,https://www.homes.co.jp/tochi/b-1364300000113/
83,https://www.homes.co.jp/tochi/b-39015110000725/
84,https://www.homes.co.jp/tochi/b-1014330009424/
85,https://www.homes.co.jp/tochi/b-1073050002347/
86,https://www.homes.co.jp/tochi/b-1294120001659/
87,https://www.homes.co.jp/tochi/b-1294120001658/
88,https://www.homes.co.jp/tochi/b-1294120001191/
89,https://www.homes.co.jp/tochi/b-1360190000013/
90,https://www.homes.co.jp/tochi/b-1294120001033/
91,https://www.homes.co.jp/tochi/b-1418190000121/
92,https://www.homes.co.jp/tochi/b-1014030007768/
93,https://www.homes.co.jp/tochi/b-1353170000021/
94,https://www.homes.co.jp/tochi/b-77860013075/
95,https://www.homes.co.jp/tochi/b-1280340000068/
96,https://www.homes.co.jp/tochi/b-1013990010251/
97,https://www.homes.co.jp/tochi/b-1174060002219/
98,https://www.homes.co.jp/tochi/b-1360180001497/
99,https://www.homes.co.jp/tochi/b-1145640000942/
100,https://www.homes.co.jp/tochi/b-1145580001356/
101,https://www.homes.co.jp/tochi/b-1210170000097/
102,https://www.homes.co.jp/tochi/b-1380480000464/
103,https://www.homes.co.jp/tochi/b-32230090000114/
104,https://www.homes.co.jp/tochi/b-39015110000724/
105,https://www.homes.co.jp/tochi/b-82710003576/
106,https://www.homes.co.jp/tochi/b-1235360001495/
107,https://www.homes.co.jp/tochi/b-1235360001520/
