0,https://www.homes.co.jp/tochi/b-1390720000696/
1,https://www.homes.co.jp/tochi/b-37021720000949/
2,https://www.homes.co.jp/tochi/b-1431640000139/
3,https://www.homes.co.jp/tochi/b-1272280000472/
4,https://www.homes.co.jp/tochi/b-1340450001185/
5,https://www.homes.co.jp/tochi/b-1340450001183/
6,https://www.homes.co.jp/tochi/b-37021720000580/
7,https://www.homes.co.jp/tochi/b-1272080002802/
8,https://www.homes.co.jp/tochi/b-1269730015709/
9,https://www.homes.co.jp/tochi/b-1313660003181/
10,https://www.homes.co.jp/tochi/b-1313660002667/
11,https://www.homes.co.jp/tochi/b-1313660003244/
12,https://www.homes.co.jp/tochi/b-1384200001584/
13,https://www.homes.co.jp/tochi/b-1384200002753/
14,https://www.homes.co.jp/tochi/b-1384200001828/
15,https://www.homes.co.jp/tochi/b-1107000000831/
16,https://www.homes.co.jp/tochi/b-1340450000839/
17,https://www.homes.co.jp/tochi/b-1340430001203/
18,https://www.homes.co.jp/tochi/b-1340430001018/
19,https://www.homes.co.jp/tochi/b-1313660002861/
20,https://www.homes.co.jp/tochi/b-1316540004421/
21,https://www.homes.co.jp/tochi/b-1447460001076/
22,https://www.homes.co.jp/tochi/b-1316540004176/
23,https://www.homes.co.jp/tochi/b-1316540005710/
24,https://www.homes.co.jp/tochi/b-1316540005718/
25,https://www.homes.co.jp/tochi/b-1294960001725/
26,https://www.homes.co.jp/tochi/b-1405410000598/
27,https://www.homes.co.jp/tochi/b-1384200000838/
28,https://www.homes.co.jp/tochi/b-1384200002148/
29,https://www.homes.co.jp/tochi/b-1388250000188/
30,https://www.homes.co.jp/tochi/b-1352650003068/
31,https://www.homes.co.jp/tochi/b-1269730012525/
32,https://www.homes.co.jp/tochi/b-1269730012734/
33,https://www.homes.co.jp/tochi/b-1433750000425/
34,https://www.homes.co.jp/tochi/b-1313660002942/
35,https://www.homes.co.jp/tochi/b-1313660000357/
36,https://www.homes.co.jp/tochi/b-1369400000073/
37,https://www.homes.co.jp/tochi/b-1269730016109/
38,https://www.homes.co.jp/tochi/b-1381320000945/
39,https://www.homes.co.jp/tochi/b-1352650003080/
40,https://www.homes.co.jp/tochi/b-1316540003709/
41,https://www.homes.co.jp/tochi/b-1316540002276/
42,https://www.homes.co.jp/tochi/b-1384200002172/
43,https://www.homes.co.jp/tochi/b-1316540004941/
44,https://www.homes.co.jp/tochi/b-1316540005042/
45,https://www.homes.co.jp/tochi/b-1316540005070/
46,https://www.homes.co.jp/tochi/b-1316540005599/
47,https://www.homes.co.jp/tochi/b-1294960000700/
48,https://www.homes.co.jp/tochi/b-1405410000576/
49,https://www.homes.co.jp/tochi/b-1313660002276/
50,https://www.homes.co.jp/tochi/b-1380180000245/
51,https://www.homes.co.jp/tochi/b-1438410000031/
52,https://www.homes.co.jp/tochi/b-1313660002653/
53,https://www.homes.co.jp/tochi/b-37021720000712/
54,https://www.homes.co.jp/tochi/b-1313660001388/
55,https://www.homes.co.jp/tochi/b-1313660003077/
56,https://www.homes.co.jp/tochi/b-1431640000547/
57,https://www.homes.co.jp/tochi/b-1457120000028/
58,https://www.homes.co.jp/tochi/b-37070940000990/
59,https://www.homes.co.jp/tochi/b-1220740000337/
60,https://www.homes.co.jp/tochi/b-1457120000110/
61,https://www.homes.co.jp/tochi/b-1313660000216/
62,https://www.homes.co.jp/tochi/b-1384200002095/
63,https://www.homes.co.jp/tochi/b-1384200002181/
64,https://www.homes.co.jp/tochi/b-1316540005611/
65,https://www.homes.co.jp/tochi/b-1384200000556/
66,https://www.homes.co.jp/tochi/b-1213470015392/
67,https://www.homes.co.jp/tochi/b-1279050008440/
68,https://www.homes.co.jp/tochi/b-1273820000841/
69,https://www.homes.co.jp/tochi/b-1313660003007/
70,https://www.homes.co.jp/tochi/b-1313660002997/
71,https://www.homes.co.jp/tochi/b-1272090000446/
72,https://www.homes.co.jp/tochi/b-1313660002982/
73,https://www.homes.co.jp/tochi/b-1390720000416/
74,https://www.homes.co.jp/tochi/b-37021720000924/
75,https://www.homes.co.jp/tochi/b-1313660003018/
76,https://www.homes.co.jp/tochi/b-1313660002987/
77,https://www.homes.co.jp/tochi/b-1352650003035/
78,https://www.homes.co.jp/tochi/b-1352650001085/
79,https://www.homes.co.jp/tochi/b-1352650003201/
80,https://www.homes.co.jp/tochi/b-1316540005829/
81,https://www.homes.co.jp/tochi/b-1316540004837/
82,https://www.homes.co.jp/tochi/b-1316540005637/
83,https://www.homes.co.jp/tochi/b-1316540005520/
84,https://www.homes.co.jp/tochi/b-1316540005560/
85,https://www.homes.co.jp/tochi/b-1316540002856/
86,https://www.homes.co.jp/tochi/b-1294960000367/
87,https://www.homes.co.jp/tochi/b-1405410000518/
88,https://www.homes.co.jp/tochi/b-1313660002998/
89,https://www.homes.co.jp/tochi/b-1313660002983/
90,https://www.homes.co.jp/tochi/b-1313660003013/
91,https://www.homes.co.jp/tochi/b-1337580000226/
92,https://www.homes.co.jp/tochi/b-1316540005703/
93,https://www.homes.co.jp/tochi/b-1384200002549/
94,https://www.homes.co.jp/tochi/b-37021720000927/
95,https://www.homes.co.jp/tochi/b-1269730014659/
96,https://www.homes.co.jp/tochi/b-1380460000130/
97,https://www.homes.co.jp/tochi/b-1294960001646/
98,https://www.homes.co.jp/tochi/b-37070940001063/
99,https://www.homes.co.jp/tochi/b-1273820001026/
100,https://www.homes.co.jp/tochi/b-1313660002778/
101,https://www.homes.co.jp/tochi/b-1313660003211/
102,https://www.homes.co.jp/tochi/b-1272090000453/
103,https://www.homes.co.jp/tochi/b-1401230000114/
104,https://www.homes.co.jp/tochi/b-1457120000108/
105,https://www.homes.co.jp/tochi/b-1457120000084/
106,https://www.homes.co.jp/tochi/b-1444720000119/
107,https://www.homes.co.jp/tochi/b-1313660003072/
108,https://www.homes.co.jp/tochi/b-1313660003032/
109,https://www.homes.co.jp/tochi/b-1313660003222/
110,https://www.homes.co.jp/tochi/b-1313660003212/
111,https://www.homes.co.jp/tochi/b-35503470001887/
112,https://www.homes.co.jp/tochi/b-1457120000015/
113,https://www.homes.co.jp/tochi/b-1313660003006/
114,https://www.homes.co.jp/tochi/b-1313660003075/
115,https://www.homes.co.jp/tochi/b-1313660002189/
116,https://www.homes.co.jp/tochi/b-1313660003167/
117,https://www.homes.co.jp/tochi/b-37021930000014/
118,https://www.homes.co.jp/tochi/b-1316540005672/
119,https://www.homes.co.jp/tochi/b-1384200002167/
120,https://www.homes.co.jp/tochi/b-1384200002645/
121,https://www.homes.co.jp/tochi/b-1316540004006/
122,https://www.homes.co.jp/tochi/b-1384200001931/
123,https://www.homes.co.jp/tochi/b-1316540004918/
124,https://www.homes.co.jp/tochi/b-1282770000188/
125,https://www.homes.co.jp/tochi/b-1273820001027/
126,https://www.homes.co.jp/tochi/b-37070940001061/
127,https://www.homes.co.jp/tochi/b-37070940001066/
128,https://www.homes.co.jp/tochi/b-1304480000077/
129,https://www.homes.co.jp/tochi/b-1269730010831/
130,https://www.homes.co.jp/tochi/b-1313660003117/
131,https://www.homes.co.jp/tochi/b-1433750000443/
132,https://www.homes.co.jp/tochi/b-1457120000077/
133,https://www.homes.co.jp/tochi/b-1384200001779/
134,https://www.homes.co.jp/tochi/b-1279050009080/
135,https://www.homes.co.jp/tochi/b-1313660003238/
136,https://www.homes.co.jp/tochi/b-1313660003097/
137,https://www.homes.co.jp/tochi/b-1313660002392/
138,https://www.homes.co.jp/tochi/b-37004420000112/
