0,https://www.homes.co.jp/tochi/b-32202840000497/
1,https://www.homes.co.jp/tochi/b-32202840000005/
2,https://www.homes.co.jp/tochi/b-32202840000901/
3,https://www.homes.co.jp/tochi/b-32202840000790/
4,https://www.homes.co.jp/tochi/b-32202840001049/
5,https://www.homes.co.jp/tochi/b-32202840000568/
6,https://www.homes.co.jp/tochi/b-32202920000561/
7,https://www.homes.co.jp/tochi/b-32202920000281/
8,https://www.homes.co.jp/tochi/b-32203160000541/
9,https://www.homes.co.jp/tochi/b-32203160000314/
10,https://www.homes.co.jp/tochi/b-1484330000025/
11,https://www.homes.co.jp/tochi/b-1369720000008/
12,https://www.homes.co.jp/tochi/b-1369720000058/
13,https://www.homes.co.jp/tochi/b-1419200000583/
14,https://www.homes.co.jp/tochi/b-1460500000088/
15,https://www.homes.co.jp/tochi/b-1294460001199/
16,https://www.homes.co.jp/tochi/b-1378960000160/
17,https://www.homes.co.jp/tochi/b-1167900003065/
18,https://www.homes.co.jp/tochi/b-1167900003009/
19,https://www.homes.co.jp/tochi/b-32202810000573/
20,https://www.homes.co.jp/tochi/b-32202810000502/
21,https://www.homes.co.jp/tochi/b-32202900000217/
22,https://www.homes.co.jp/tochi/b-32202950000051/
23,https://www.homes.co.jp/tochi/b-32202950000060/
24,https://www.homes.co.jp/tochi/b-32202900000152/
25,https://www.homes.co.jp/tochi/b-1419200000667/
26,https://www.homes.co.jp/tochi/b-1294460000300/
27,https://www.homes.co.jp/tochi/b-1460500000250/
28,https://www.homes.co.jp/tochi/b-1460500000198/
29,https://www.homes.co.jp/tochi/b-1460500000037/
30,https://www.homes.co.jp/tochi/b-1419200000644/
31,https://www.homes.co.jp/tochi/b-1419200000669/
32,https://www.homes.co.jp/tochi/b-1419200000705/
33,https://www.homes.co.jp/tochi/b-1484330000010/
34,https://www.homes.co.jp/tochi/b-32202840000856/
35,https://www.homes.co.jp/tochi/b-32202920000224/
36,https://www.homes.co.jp/tochi/b-32202990000127/
37,https://www.homes.co.jp/tochi/b-32203010000111/
38,https://www.homes.co.jp/tochi/b-32203290000272/
39,https://www.homes.co.jp/tochi/b-32203010000094/
40,https://www.homes.co.jp/tochi/b-32202750000915/
41,https://www.homes.co.jp/tochi/b-32202750000809/
42,https://www.homes.co.jp/tochi/b-32203560000018/
43,https://www.homes.co.jp/tochi/b-1167900003018/
44,https://www.homes.co.jp/tochi/b-1167900002951/
45,https://www.homes.co.jp/tochi/b-1167900002968/
46,https://www.homes.co.jp/tochi/b-1396430001620/
47,https://www.homes.co.jp/tochi/b-1460500000415/
48,https://www.homes.co.jp/tochi/b-1396430000852/
49,https://www.homes.co.jp/tochi/b-32203110000027/
50,https://www.homes.co.jp/tochi/b-1257770000008/
51,https://www.homes.co.jp/tochi/b-32202840000711/
52,https://www.homes.co.jp/tochi/b-1167900003167/
53,https://www.homes.co.jp/tochi/b-32202920000598/
54,https://www.homes.co.jp/tochi/b-32202750000563/
55,https://www.homes.co.jp/tochi/b-32202950000007/
56,https://www.homes.co.jp/tochi/b-1167900002930/
57,https://www.homes.co.jp/tochi/b-1167900003112/
58,https://www.homes.co.jp/tochi/b-1167900003173/
59,https://www.homes.co.jp/tochi/b-1167900003158/
60,https://www.homes.co.jp/tochi/b-1294460001034/
61,https://www.homes.co.jp/tochi/b-1460500000214/
62,https://www.homes.co.jp/tochi/b-1460500000406/
63,https://www.homes.co.jp/tochi/b-32203290000027/
64,https://www.homes.co.jp/tochi/b-32202810000425/
65,https://www.homes.co.jp/tochi/b-32203490000011/
66,https://www.homes.co.jp/tochi/b-1294460001129/
67,https://www.homes.co.jp/tochi/b-32202810000525/
68,https://www.homes.co.jp/tochi/b-1369720000062/
69,https://www.homes.co.jp/tochi/b-1396430001915/
70,https://www.homes.co.jp/tochi/b-1294460000367/
71,https://www.homes.co.jp/tochi/b-1396430001530/
72,https://www.homes.co.jp/tochi/b-1396430000138/
73,https://www.homes.co.jp/tochi/b-1476060000004/
74,https://www.homes.co.jp/tochi/b-1167900003030/
75,https://www.homes.co.jp/tochi/b-1167900002972/
76,https://www.homes.co.jp/tochi/b-1396430001491/
77,https://www.homes.co.jp/tochi/b-32203040000039/
78,https://www.homes.co.jp/tochi/b-32203110000057/
79,https://www.homes.co.jp/tochi/b-1484330000027/
80,https://www.homes.co.jp/tochi/b-1369720000016/
81,https://www.homes.co.jp/tochi/b-1369720000050/
82,https://www.homes.co.jp/tochi/b-32203060000054/
83,https://www.homes.co.jp/tochi/b-32202840000188/
84,https://www.homes.co.jp/tochi/b-1167900002978/
85,https://www.homes.co.jp/tochi/b-1167900003107/
86,https://www.homes.co.jp/tochi/b-1396430001061/
87,https://www.homes.co.jp/tochi/b-32202840000775/
