0,https://www.homes.co.jp/tochi/b-1125280000334/
1,https://www.homes.co.jp/tochi/b-1404340000214/
2,https://www.homes.co.jp/tochi/b-1419180000253/
3,https://www.homes.co.jp/tochi/b-1419180000428/
4,https://www.homes.co.jp/tochi/b-1425340000574/
5,https://www.homes.co.jp/tochi/b-1425340000743/
6,https://www.homes.co.jp/tochi/b-1404340000204/
7,https://www.homes.co.jp/tochi/b-1404340000285/
8,https://www.homes.co.jp/tochi/b-1410100000672/
9,https://www.homes.co.jp/tochi/b-1377660000558/
10,https://www.homes.co.jp/tochi/b-1404340000066/
11,https://www.homes.co.jp/tochi/b-1424570000176/
12,https://www.homes.co.jp/tochi/b-1385510000567/
13,https://www.homes.co.jp/tochi/b-1410100000646/
14,https://www.homes.co.jp/tochi/b-1404340000015/
15,https://www.homes.co.jp/tochi/b-1048830000578/
16,https://www.homes.co.jp/tochi/b-32282060000136/
17,https://www.homes.co.jp/tochi/b-1425340000652/
18,https://www.homes.co.jp/tochi/b-1404340000242/
19,https://www.homes.co.jp/tochi/b-1410100000641/
20,https://www.homes.co.jp/tochi/b-1410100000746/
21,https://www.homes.co.jp/tochi/b-1455210000089/
22,https://www.homes.co.jp/tochi/b-1455210000172/
23,https://www.homes.co.jp/tochi/b-1136500000089/
24,https://www.homes.co.jp/tochi/b-1404340000027/
25,https://www.homes.co.jp/tochi/b-1404340000067/
26,https://www.homes.co.jp/tochi/b-1377660000503/
27,https://www.homes.co.jp/tochi/b-1377660000634/
28,https://www.homes.co.jp/tochi/b-37004410000082/
29,https://www.homes.co.jp/tochi/b-1179980000427/
30,https://www.homes.co.jp/tochi/b-1404340000031/
31,https://www.homes.co.jp/tochi/b-1424570000277/
32,https://www.homes.co.jp/tochi/b-1125280000441/
33,https://www.homes.co.jp/tochi/b-1125280000273/
34,https://www.homes.co.jp/tochi/b-1385510000236/
35,https://www.homes.co.jp/tochi/b-1410100000701/
36,https://www.homes.co.jp/tochi/b-1471620000004/
37,https://www.homes.co.jp/tochi/b-1385510000376/
38,https://www.homes.co.jp/tochi/b-1404340000055/
39,https://www.homes.co.jp/tochi/b-1179980000244/
40,https://www.homes.co.jp/tochi/b-1179980000306/
41,https://www.homes.co.jp/tochi/b-1425340000547/
42,https://www.homes.co.jp/tochi/b-1425340000320/
43,https://www.homes.co.jp/tochi/b-1404340000030/
44,https://www.homes.co.jp/tochi/b-1409240000665/
45,https://www.homes.co.jp/tochi/b-1425340000830/
46,https://www.homes.co.jp/tochi/b-1404340000240/
47,https://www.homes.co.jp/tochi/b-1410100000506/
48,https://www.homes.co.jp/tochi/b-1377660000659/
49,https://www.homes.co.jp/tochi/b-1471620000005/
50,https://www.homes.co.jp/tochi/b-1125280000618/
51,https://www.homes.co.jp/tochi/b-1385510000611/
