0,https://www.homes.co.jp/kodate/b-32282130000117/
1,https://www.homes.co.jp/kodate/b-1361780001076/
2,https://www.homes.co.jp/kodate/b-1246940001194/
3,https://www.homes.co.jp/kodate/b-1220020000318/
4,https://www.homes.co.jp/kodate/b-32282130000093/
5,https://www.homes.co.jp/kodate/b-1094500000574/
6,https://www.homes.co.jp/kodate/b-39044180000099/
7,https://www.homes.co.jp/kodate/b-1131580003114/
8,https://www.homes.co.jp/kodate/b-37071970001377/
9,https://www.homes.co.jp/kodate/b-39016510000038/
10,https://www.homes.co.jp/kodate/b-37071970001611/
11,https://www.homes.co.jp/kodate/b-1473480000025/
12,https://www.homes.co.jp/kodate/b-1427640000021/
13,https://www.homes.co.jp/kodate/b-1415380000733/
14,https://www.homes.co.jp/kodate/b-1361780001003/
15,https://www.homes.co.jp/kodate/b-39016510000057/
16,https://www.homes.co.jp/kodate/b-1415380000837/
