0,https://www.homes.co.jp/tochi/b-1014310008241/
1,https://www.homes.co.jp/tochi/b-82710003526/
2,https://www.homes.co.jp/tochi/b-1412920000551/
3,https://www.homes.co.jp/tochi/b-87660001639/
4,https://www.homes.co.jp/tochi/b-1425420000151/
5,https://www.homes.co.jp/tochi/b-1167310001495/
6,https://www.homes.co.jp/tochi/b-1467750000002/
7,https://www.homes.co.jp/tochi/b-1326980001182/
8,https://www.homes.co.jp/tochi/b-87660001485/
9,https://www.homes.co.jp/tochi/b-1263380000381/
10,https://www.homes.co.jp/tochi/b-1029750008129/
11,https://www.homes.co.jp/tochi/b-1326980000630/
12,https://www.homes.co.jp/tochi/b-1483380000037/
13,https://www.homes.co.jp/tochi/b-1029750007577/
14,https://www.homes.co.jp/tochi/b-1374450000080/
15,https://www.homes.co.jp/tochi/b-1014210012303/
16,https://www.homes.co.jp/tochi/b-1014210012304/
17,https://www.homes.co.jp/tochi/b-1029750008139/
18,https://www.homes.co.jp/tochi/b-1029750008115/
19,https://www.homes.co.jp/tochi/b-1014140008733/
20,https://www.homes.co.jp/tochi/b-1029750007132/
21,https://www.homes.co.jp/tochi/b-1014080011225/
22,https://www.homes.co.jp/tochi/b-1014080009873/
23,https://www.homes.co.jp/tochi/b-1014140008950/
24,https://www.homes.co.jp/tochi/b-1029750008137/
25,https://www.homes.co.jp/tochi/b-1014240009361/
26,https://www.homes.co.jp/tochi/b-1299320000497/
27,https://www.homes.co.jp/tochi/b-1299320000413/
28,https://www.homes.co.jp/tochi/b-1374450000087/
29,https://www.homes.co.jp/tochi/b-1452810000017/
30,https://www.homes.co.jp/tochi/b-82470002772/
31,https://www.homes.co.jp/tochi/b-1014080011347/
32,https://www.homes.co.jp/tochi/b-1029750008276/
33,https://www.homes.co.jp/tochi/b-1014420013695/
34,https://www.homes.co.jp/tochi/b-1326980001263/
35,https://www.homes.co.jp/tochi/b-1326980001187/
36,https://www.homes.co.jp/tochi/b-1223810000058/
37,https://www.homes.co.jp/tochi/b-1424990000348/
38,https://www.homes.co.jp/tochi/b-1014240009304/
39,https://www.homes.co.jp/tochi/b-1452810000007/
40,https://www.homes.co.jp/tochi/b-1364580000021/
41,https://www.homes.co.jp/tochi/b-1294330000129/
42,https://www.homes.co.jp/tochi/b-1054420008890/
43,https://www.homes.co.jp/tochi/b-1014310007705/
44,https://www.homes.co.jp/tochi/b-1014310008963/
45,https://www.homes.co.jp/tochi/b-1014310009252/
46,https://www.homes.co.jp/tochi/b-1054420008493/
47,https://www.homes.co.jp/tochi/b-1054420007337/
48,https://www.homes.co.jp/tochi/b-1014080011068/
49,https://www.homes.co.jp/tochi/b-1446990000084/
50,https://www.homes.co.jp/tochi/b-1014070013643/
51,https://www.homes.co.jp/tochi/b-1014080011143/
52,https://www.homes.co.jp/tochi/b-1014210012386/
53,https://www.homes.co.jp/tochi/b-1014240009711/
54,https://www.homes.co.jp/tochi/b-1054420008946/
55,https://www.homes.co.jp/tochi/b-1014310009303/
56,https://www.homes.co.jp/tochi/b-1446990000185/
57,https://www.homes.co.jp/tochi/b-1362130000374/
58,https://www.homes.co.jp/tochi/b-1362130001276/
59,https://www.homes.co.jp/tochi/b-75360010284/
60,https://www.homes.co.jp/tochi/b-1014080011127/
61,https://www.homes.co.jp/tochi/b-1014210012211/
62,https://www.homes.co.jp/tochi/b-1439210000351/
63,https://www.homes.co.jp/tochi/b-1054420008786/
64,https://www.homes.co.jp/tochi/b-1014080011013/
65,https://www.homes.co.jp/tochi/b-1380570001929/
66,https://www.homes.co.jp/tochi/b-1326980000826/
67,https://www.homes.co.jp/tochi/b-1439210000352/
