0,https://www.homes.co.jp/tochi/b-1411090000061/
1,https://www.homes.co.jp/tochi/b-1439170000052/
2,https://www.homes.co.jp/tochi/b-39050620000088/
3,https://www.homes.co.jp/tochi/b-1397280000074/
4,https://www.homes.co.jp/tochi/b-1411090000063/
5,https://www.homes.co.jp/tochi/b-1401140000060/
6,https://www.homes.co.jp/tochi/b-1312210000119/
7,https://www.homes.co.jp/tochi/b-1387000000032/
8,https://www.homes.co.jp/tochi/b-1439170000100/
9,https://www.homes.co.jp/tochi/b-1439170000157/
10,https://www.homes.co.jp/tochi/b-1372150000069/
