0,https://www.homes.co.jp/tochi/b-32202290000005/
1,https://www.homes.co.jp/tochi/b-32202010000055/
2,https://www.homes.co.jp/tochi/b-32202010000002/
3,https://www.homes.co.jp/tochi/b-32202620001306/
4,https://www.homes.co.jp/tochi/b-32203630000072/
5,https://www.homes.co.jp/tochi/b-32203630000025/
6,https://www.homes.co.jp/tochi/b-32203630000075/
7,https://www.homes.co.jp/tochi/b-32203630000060/
8,https://www.homes.co.jp/tochi/b-32202010000012/
9,https://www.homes.co.jp/tochi/b-1393310000148/
10,https://www.homes.co.jp/tochi/b-1393310000010/
11,https://www.homes.co.jp/tochi/b-32202620000153/
12,https://www.homes.co.jp/tochi/b-1393540000201/
13,https://www.homes.co.jp/tochi/b-32203630000020/
14,https://www.homes.co.jp/tochi/b-32203630000001/
15,https://www.homes.co.jp/tochi/b-32203630000081/
16,https://www.homes.co.jp/tochi/b-1465010000158/
17,https://www.homes.co.jp/tochi/b-1465010000108/
18,https://www.homes.co.jp/tochi/b-1474360000010/
19,https://www.homes.co.jp/tochi/b-32202620000918/
20,https://www.homes.co.jp/tochi/b-32202620001283/
21,https://www.homes.co.jp/tochi/b-32202620000975/
22,https://www.homes.co.jp/tochi/b-32202390000077/
23,https://www.homes.co.jp/tochi/b-32202390000033/
24,https://www.homes.co.jp/tochi/b-32202390000065/
25,https://www.homes.co.jp/tochi/b-32203630000063/
26,https://www.homes.co.jp/tochi/b-32203630000024/
27,https://www.homes.co.jp/tochi/b-1465010000171/
28,https://www.homes.co.jp/tochi/b-1465010000150/
