0,https://www.homes.co.jp/kodate/b-1219920000460/
1,https://www.homes.co.jp/kodate/b-32216050000019/
2,https://www.homes.co.jp/kodate/b-1219900000329/
3,https://www.homes.co.jp/kodate/b-32215470000010/
4,https://www.homes.co.jp/kodate/b-1468960002095/
5,https://www.homes.co.jp/kodate/b-1150510000402/
6,https://www.homes.co.jp/kodate/b-1150510000839/
7,https://www.homes.co.jp/kodate/b-32215320000022/
8,https://www.homes.co.jp/kodate/b-1335550000089/
9,https://www.homes.co.jp/kodate/b-1410690000014/
10,https://www.homes.co.jp/kodate/b-32105050000090/
