0,https://www.homes.co.jp/tochi/b-1347340002542/
1,https://www.homes.co.jp/tochi/b-1204040000314/
2,https://www.homes.co.jp/tochi/b-1014130015288/
3,https://www.homes.co.jp/tochi/b-1100730011327/
4,https://www.homes.co.jp/tochi/b-1100730010371/
5,https://www.homes.co.jp/tochi/b-1125520006314/
6,https://www.homes.co.jp/tochi/b-1296750007753/
7,https://www.homes.co.jp/tochi/b-1394480001779/
8,https://www.homes.co.jp/tochi/b-1394480000834/
9,https://www.homes.co.jp/tochi/b-1448650000075/
10,https://www.homes.co.jp/tochi/b-1404270000443/
11,https://www.homes.co.jp/tochi/b-1404270000257/
12,https://www.homes.co.jp/tochi/b-1110710005438/
13,https://www.homes.co.jp/tochi/b-1110710004334/
14,https://www.homes.co.jp/tochi/b-1110710002125/
15,https://www.homes.co.jp/tochi/b-1110710001937/
16,https://www.homes.co.jp/tochi/b-1014090015429/
17,https://www.homes.co.jp/tochi/b-1014130014975/
18,https://www.homes.co.jp/tochi/b-1347340002150/
19,https://www.homes.co.jp/tochi/b-1447610000710/
20,https://www.homes.co.jp/tochi/b-1052560014942/
21,https://www.homes.co.jp/tochi/b-1347340002082/
22,https://www.homes.co.jp/tochi/b-1470030001240/
23,https://www.homes.co.jp/tochi/b-1014230015408/
24,https://www.homes.co.jp/tochi/b-1014230015359/
25,https://www.homes.co.jp/tochi/b-1308890001618/
26,https://www.homes.co.jp/tochi/b-1308890000791/
27,https://www.homes.co.jp/tochi/b-1068540001457/
28,https://www.homes.co.jp/tochi/b-1135930005574/
29,https://www.homes.co.jp/tochi/b-1014430007503/
30,https://www.homes.co.jp/tochi/b-1014370009841/
31,https://www.homes.co.jp/tochi/b-1284470005844/
32,https://www.homes.co.jp/tochi/b-1308890001931/
33,https://www.homes.co.jp/tochi/b-1308890001623/
34,https://www.homes.co.jp/tochi/b-70280001752/
35,https://www.homes.co.jp/tochi/b-1481280000394/
36,https://www.homes.co.jp/tochi/b-1246910006816/
37,https://www.homes.co.jp/tochi/b-1012390000538/
38,https://www.homes.co.jp/tochi/b-1078310012013/
39,https://www.homes.co.jp/tochi/b-1448130000016/
40,https://www.homes.co.jp/tochi/b-1404270000367/
41,https://www.homes.co.jp/tochi/b-1425780000147/
42,https://www.homes.co.jp/tochi/b-1308890001713/
43,https://www.homes.co.jp/tochi/b-1308890001734/
44,https://www.homes.co.jp/tochi/b-1308890001854/
45,https://www.homes.co.jp/tochi/b-1348380002431/
46,https://www.homes.co.jp/tochi/b-1404310000096/
47,https://www.homes.co.jp/tochi/b-1168550003651/
48,https://www.homes.co.jp/tochi/b-1444640000163/
49,https://www.homes.co.jp/tochi/b-1052560013999/
50,https://www.homes.co.jp/tochi/b-1052560013273/
51,https://www.homes.co.jp/tochi/b-1125520006273/
52,https://www.homes.co.jp/tochi/b-1470030000570/
53,https://www.homes.co.jp/tochi/b-1347340002765/
54,https://www.homes.co.jp/tochi/b-1470030001046/
55,https://www.homes.co.jp/tochi/b-1014000014444/
56,https://www.homes.co.jp/tochi/b-1317580000218/
57,https://www.homes.co.jp/tochi/b-1222570001174/
58,https://www.homes.co.jp/tochi/b-1100730011580/
59,https://www.homes.co.jp/tochi/b-1014230016127/
60,https://www.homes.co.jp/tochi/b-1246910008040/
61,https://www.homes.co.jp/tochi/b-1078310011293/
62,https://www.homes.co.jp/tochi/b-1014250015325/
63,https://www.homes.co.jp/tochi/b-1014430007521/
64,https://www.homes.co.jp/tochi/b-1019450001090/
65,https://www.homes.co.jp/tochi/b-1478960000014/
66,https://www.homes.co.jp/tochi/b-1464630000006/
67,https://www.homes.co.jp/tochi/b-1012390000499/
68,https://www.homes.co.jp/tochi/b-1222570001794/
69,https://www.homes.co.jp/tochi/b-1222570001739/
70,https://www.homes.co.jp/tochi/b-1014000012044/
71,https://www.homes.co.jp/tochi/b-1014130014701/
72,https://www.homes.co.jp/tochi/b-1014060013382/
73,https://www.homes.co.jp/tochi/b-1014300014555/
74,https://www.homes.co.jp/tochi/b-1014060013368/
75,https://www.homes.co.jp/tochi/b-1014190012114/
76,https://www.homes.co.jp/tochi/b-1014130013021/
77,https://www.homes.co.jp/tochi/b-1014000014012/
78,https://www.homes.co.jp/tochi/b-1125520006313/
79,https://www.homes.co.jp/tochi/b-1125520006056/
80,https://www.homes.co.jp/tochi/b-1014190012219/
81,https://www.homes.co.jp/tochi/b-1019450001399/
82,https://www.homes.co.jp/tochi/b-1394480001900/
83,https://www.homes.co.jp/tochi/b-1404310000092/
84,https://www.homes.co.jp/tochi/b-1052560011400/
85,https://www.homes.co.jp/tochi/b-1284470006397/
86,https://www.homes.co.jp/tochi/b-1014190010949/
87,https://www.homes.co.jp/tochi/b-1448410000229/
88,https://www.homes.co.jp/tochi/b-1448410000055/
89,https://www.homes.co.jp/tochi/b-1014230015737/
90,https://www.homes.co.jp/tochi/b-1100730011157/
91,https://www.homes.co.jp/tochi/b-1246910007605/
92,https://www.homes.co.jp/tochi/b-1014130013255/
93,https://www.homes.co.jp/tochi/b-1324300000680/
94,https://www.homes.co.jp/tochi/b-1481280000197/
95,https://www.homes.co.jp/tochi/b-1447610000685/
96,https://www.homes.co.jp/tochi/b-1014130014707/
97,https://www.homes.co.jp/tochi/b-1014000011939/
98,https://www.homes.co.jp/tochi/b-1014430007462/
99,https://www.homes.co.jp/tochi/b-1444640000060/
100,https://www.homes.co.jp/tochi/b-1168550004606/
101,https://www.homes.co.jp/tochi/b-1168550004183/
102,https://www.homes.co.jp/tochi/b-1258860003525/
103,https://www.homes.co.jp/tochi/b-1014220009744/
104,https://www.homes.co.jp/tochi/b-1404310000154/
105,https://www.homes.co.jp/tochi/b-1404310000141/
106,https://www.homes.co.jp/tochi/b-1052560015080/
107,https://www.homes.co.jp/tochi/b-1052560013664/
108,https://www.homes.co.jp/tochi/b-1399870001435/
109,https://www.homes.co.jp/tochi/b-1110710005548/
110,https://www.homes.co.jp/tochi/b-1110710005101/
111,https://www.homes.co.jp/tochi/b-1110710003447/
112,https://www.homes.co.jp/tochi/b-1110710005391/
113,https://www.homes.co.jp/tochi/b-1110710005323/
114,https://www.homes.co.jp/tochi/b-1110710005422/
115,https://www.homes.co.jp/tochi/b-1014190012125/
116,https://www.homes.co.jp/tochi/b-1343800000033/
117,https://www.homes.co.jp/tochi/b-1347340002797/
118,https://www.homes.co.jp/tochi/b-1246910007056/
119,https://www.homes.co.jp/tochi/b-1246910007446/
120,https://www.homes.co.jp/tochi/b-1246910006738/
121,https://www.homes.co.jp/tochi/b-1052560013911/
122,https://www.homes.co.jp/tochi/b-1052560014248/
123,https://www.homes.co.jp/tochi/b-1052560014777/
124,https://www.homes.co.jp/tochi/b-1052560015241/
125,https://www.homes.co.jp/tochi/b-1052560014627/
126,https://www.homes.co.jp/tochi/b-1222570001305/
127,https://www.homes.co.jp/tochi/b-1448410000352/
128,https://www.homes.co.jp/tochi/b-1470030000354/
129,https://www.homes.co.jp/tochi/b-1470030001153/
130,https://www.homes.co.jp/tochi/b-1308890001917/
131,https://www.homes.co.jp/tochi/b-1222570001203/
132,https://www.homes.co.jp/tochi/b-1100730011289/
133,https://www.homes.co.jp/tochi/b-1232680000247/
134,https://www.homes.co.jp/tochi/b-1125520006312/
135,https://www.homes.co.jp/tochi/b-1296750007255/
136,https://www.homes.co.jp/tochi/b-1168550004672/
137,https://www.homes.co.jp/tochi/b-1246910008014/
138,https://www.homes.co.jp/tochi/b-1168230000049/
139,https://www.homes.co.jp/tochi/b-1246910004410/
140,https://www.homes.co.jp/tochi/b-1246910007730/
141,https://www.homes.co.jp/tochi/b-1052560014905/
142,https://www.homes.co.jp/tochi/b-1052560015149/
143,https://www.homes.co.jp/tochi/b-1014190009393/
144,https://www.homes.co.jp/tochi/b-1347340002411/
145,https://www.homes.co.jp/tochi/b-1100730009660/
146,https://www.homes.co.jp/tochi/b-1284470006404/
147,https://www.homes.co.jp/tochi/b-1284470005693/
148,https://www.homes.co.jp/tochi/b-37004600000179/
149,https://www.homes.co.jp/tochi/b-1324300000591/
150,https://www.homes.co.jp/tochi/b-1404290000253/
151,https://www.homes.co.jp/tochi/b-1014220008270/
152,https://www.homes.co.jp/tochi/b-1448410000077/
153,https://www.homes.co.jp/tochi/b-1425780000131/
154,https://www.homes.co.jp/tochi/b-1447610000691/
155,https://www.homes.co.jp/tochi/b-1481280000040/
156,https://www.homes.co.jp/tochi/b-1481280000020/
157,https://www.homes.co.jp/tochi/b-1481280000041/
158,https://www.homes.co.jp/tochi/b-1364600000137/
159,https://www.homes.co.jp/tochi/b-84040005024/
160,https://www.homes.co.jp/tochi/b-1100730009440/
161,https://www.homes.co.jp/tochi/b-1100730010021/
162,https://www.homes.co.jp/tochi/b-1347340002662/
163,https://www.homes.co.jp/tochi/b-1014230016153/
164,https://www.homes.co.jp/tochi/b-1404310000066/
165,https://www.homes.co.jp/tochi/b-1404270000388/
166,https://www.homes.co.jp/tochi/b-1448130000059/
167,https://www.homes.co.jp/tochi/b-1014230015824/
168,https://www.homes.co.jp/tochi/b-1122040000066/
169,https://www.homes.co.jp/tochi/b-1100730011257/
170,https://www.homes.co.jp/tochi/b-1246910007700/
171,https://www.homes.co.jp/tochi/b-1200180000128/
172,https://www.homes.co.jp/tochi/b-1317580000214/
173,https://www.homes.co.jp/tochi/b-1148920009435/
174,https://www.homes.co.jp/tochi/b-1447610000713/
175,https://www.homes.co.jp/tochi/b-1447610000723/
176,https://www.homes.co.jp/tochi/b-1447610000901/
177,https://www.homes.co.jp/tochi/b-1481280000279/
178,https://www.homes.co.jp/tochi/b-1014130015071/
179,https://www.homes.co.jp/tochi/b-1441810000179/
180,https://www.homes.co.jp/tochi/b-1348380002804/
181,https://www.homes.co.jp/tochi/b-1308890001923/
182,https://www.homes.co.jp/tochi/b-1396380000843/
183,https://www.homes.co.jp/tochi/b-1348380002392/
184,https://www.homes.co.jp/tochi/b-1348380002828/
185,https://www.homes.co.jp/tochi/b-1396380000493/
186,https://www.homes.co.jp/tochi/b-1396380001006/
187,https://www.homes.co.jp/tochi/b-1348380002422/
188,https://www.homes.co.jp/tochi/b-1223810000059/
189,https://www.homes.co.jp/tochi/b-1232680000270/
190,https://www.homes.co.jp/tochi/b-1232680000249/
191,https://www.homes.co.jp/tochi/b-1125520006299/
192,https://www.homes.co.jp/tochi/b-1168550004500/
193,https://www.homes.co.jp/tochi/b-1258860002920/
194,https://www.homes.co.jp/tochi/b-1423150000191/
195,https://www.homes.co.jp/tochi/b-1153350002150/
196,https://www.homes.co.jp/tochi/b-1246910006455/
197,https://www.homes.co.jp/tochi/b-1404310000053/
198,https://www.homes.co.jp/tochi/b-1470030001256/
199,https://www.homes.co.jp/tochi/b-1224520006227/
200,https://www.homes.co.jp/tochi/b-1104970000716/
201,https://www.homes.co.jp/tochi/b-1100730010389/
202,https://www.homes.co.jp/tochi/b-1347340002312/
203,https://www.homes.co.jp/tochi/b-82170000430/
204,https://www.homes.co.jp/tochi/b-1308890000679/
205,https://www.homes.co.jp/tochi/b-1152120001070/
206,https://www.homes.co.jp/tochi/b-1246910008039/
207,https://www.homes.co.jp/tochi/b-1168550004481/
208,https://www.homes.co.jp/tochi/b-1168550004447/
209,https://www.homes.co.jp/tochi/b-1402530000187/
210,https://www.homes.co.jp/tochi/b-1402530000185/
211,https://www.homes.co.jp/tochi/b-1014250015736/
212,https://www.homes.co.jp/tochi/b-1052560014872/
213,https://www.homes.co.jp/tochi/b-1052560013637/
214,https://www.homes.co.jp/tochi/b-1052560011598/
215,https://www.homes.co.jp/tochi/b-1402530000010/
216,https://www.homes.co.jp/tochi/b-1402530000013/
217,https://www.homes.co.jp/tochi/b-1404270000350/
218,https://www.homes.co.jp/tochi/b-1308890001714/
219,https://www.homes.co.jp/tochi/b-1470030001042/
220,https://www.homes.co.jp/tochi/b-1068540001725/
221,https://www.homes.co.jp/tochi/b-1222570001771/
222,https://www.homes.co.jp/tochi/b-1376930000073/
223,https://www.homes.co.jp/tochi/b-1222570001784/
224,https://www.homes.co.jp/tochi/b-1308890001325/
225,https://www.homes.co.jp/tochi/b-1253010001248/
226,https://www.homes.co.jp/tochi/b-1397120000088/
227,https://www.homes.co.jp/tochi/b-1219040000074/
228,https://www.homes.co.jp/tochi/b-1014230015587/
229,https://www.homes.co.jp/tochi/b-1014230015852/
230,https://www.homes.co.jp/tochi/b-1448410000331/
231,https://www.homes.co.jp/tochi/b-1396380000477/
232,https://www.homes.co.jp/tochi/b-1258860003873/
233,https://www.homes.co.jp/tochi/b-1018790013110/
234,https://www.homes.co.jp/tochi/b-1470030000341/
235,https://www.homes.co.jp/tochi/b-1470030000338/
236,https://www.homes.co.jp/tochi/b-1470030001039/
237,https://www.homes.co.jp/tochi/b-1470030001194/
238,https://www.homes.co.jp/tochi/b-1470030000882/
239,https://www.homes.co.jp/tochi/b-1222040008816/
240,https://www.homes.co.jp/tochi/b-1210360000438/
241,https://www.homes.co.jp/tochi/b-1314480003345/
242,https://www.homes.co.jp/tochi/b-1260260007575/
243,https://www.homes.co.jp/tochi/b-1470030000339/
244,https://www.homes.co.jp/tochi/b-1308890001921/
245,https://www.homes.co.jp/tochi/b-1224520006032/
246,https://www.homes.co.jp/tochi/b-1152790009526/
247,https://www.homes.co.jp/tochi/b-1014130014915/
248,https://www.homes.co.jp/tochi/b-1221960006279/
249,https://www.homes.co.jp/tochi/b-1221950007235/
250,https://www.homes.co.jp/tochi/b-1018790013006/
251,https://www.homes.co.jp/tochi/b-1222040008687/
252,https://www.homes.co.jp/tochi/b-1314480003536/
253,https://www.homes.co.jp/tochi/b-1152120000968/
254,https://www.homes.co.jp/tochi/b-1152120001227/
255,https://www.homes.co.jp/tochi/b-1221960006865/
256,https://www.homes.co.jp/tochi/b-1222040009774/
257,https://www.homes.co.jp/tochi/b-1260260008533/
258,https://www.homes.co.jp/tochi/b-1110710005564/
259,https://www.homes.co.jp/tochi/b-1110710005437/
260,https://www.homes.co.jp/tochi/b-1110710004537/
261,https://www.homes.co.jp/tochi/b-1347340002494/
262,https://www.homes.co.jp/tochi/b-1470030000150/
263,https://www.homes.co.jp/tochi/b-1052560014902/
264,https://www.homes.co.jp/tochi/b-1052560014601/
265,https://www.homes.co.jp/tochi/b-1148920010890/
266,https://www.homes.co.jp/tochi/b-1148920011849/
267,https://www.homes.co.jp/tochi/b-1483900000011/
268,https://www.homes.co.jp/tochi/b-1221950008789/
269,https://www.homes.co.jp/tochi/b-1222570001630/
270,https://www.homes.co.jp/tochi/b-1222570001834/
271,https://www.homes.co.jp/tochi/b-1222040009547/
272,https://www.homes.co.jp/tochi/b-1260260008310/
273,https://www.homes.co.jp/tochi/b-1100730011264/
274,https://www.homes.co.jp/tochi/b-1222570001602/
275,https://www.homes.co.jp/tochi/b-1014220009896/
276,https://www.homes.co.jp/tochi/b-1014220009958/
277,https://www.homes.co.jp/tochi/b-1347340002058/
278,https://www.homes.co.jp/tochi/b-1319300001245/
279,https://www.homes.co.jp/tochi/b-1481280000436/
280,https://www.homes.co.jp/tochi/b-1404270000306/
281,https://www.homes.co.jp/tochi/b-1448410000263/
282,https://www.homes.co.jp/tochi/b-1448410000227/
283,https://www.homes.co.jp/tochi/b-1347340002073/
284,https://www.homes.co.jp/tochi/b-1425780000114/
285,https://www.homes.co.jp/tochi/b-1447610000806/
286,https://www.homes.co.jp/tochi/b-1447610000647/
287,https://www.homes.co.jp/tochi/b-1447610000974/
288,https://www.homes.co.jp/tochi/b-1447610000716/
289,https://www.homes.co.jp/tochi/b-1308890001329/
290,https://www.homes.co.jp/tochi/b-1308890001836/
291,https://www.homes.co.jp/tochi/b-1396380001296/
292,https://www.homes.co.jp/tochi/b-1348380003034/
293,https://www.homes.co.jp/tochi/b-1470030000996/
294,https://www.homes.co.jp/tochi/b-1153350002082/
295,https://www.homes.co.jp/tochi/b-1153350001928/
296,https://www.homes.co.jp/tochi/b-1153350002038/
297,https://www.homes.co.jp/tochi/b-1153350002147/
298,https://www.homes.co.jp/tochi/b-1168550004293/
299,https://www.homes.co.jp/tochi/b-1052560011640/
300,https://www.homes.co.jp/tochi/b-1052560014468/
301,https://www.homes.co.jp/tochi/b-1052560014875/
302,https://www.homes.co.jp/tochi/b-1052560013627/
303,https://www.homes.co.jp/tochi/b-1052560011649/
304,https://www.homes.co.jp/tochi/b-1246910007702/
305,https://www.homes.co.jp/tochi/b-1110710004715/
306,https://www.homes.co.jp/tochi/b-1347340002767/
307,https://www.homes.co.jp/tochi/b-1470030001220/
308,https://www.homes.co.jp/tochi/b-1470030001044/
309,https://www.homes.co.jp/tochi/b-1470030001162/
310,https://www.homes.co.jp/tochi/b-1470030000508/
311,https://www.homes.co.jp/tochi/b-1470030001166/
312,https://www.homes.co.jp/tochi/b-1222570001636/
313,https://www.homes.co.jp/tochi/b-1222570001541/
314,https://www.homes.co.jp/tochi/b-1347340002824/
315,https://www.homes.co.jp/tochi/b-1019450001387/
316,https://www.homes.co.jp/tochi/b-1019450001463/
317,https://www.homes.co.jp/tochi/b-1234850001847/
318,https://www.homes.co.jp/tochi/b-1347340002810/
319,https://www.homes.co.jp/tochi/b-1150720000135/
320,https://www.homes.co.jp/tochi/b-39032940000047/
321,https://www.homes.co.jp/tochi/b-1014230015976/
322,https://www.homes.co.jp/tochi/b-1014230016091/
323,https://www.homes.co.jp/tochi/b-1470030000705/
324,https://www.homes.co.jp/tochi/b-1470030001193/
325,https://www.homes.co.jp/tochi/b-1148920009904/
326,https://www.homes.co.jp/tochi/b-1148920011542/
327,https://www.homes.co.jp/tochi/b-1148920011292/
328,https://www.homes.co.jp/tochi/b-1470030000282/
329,https://www.homes.co.jp/tochi/b-1348380003131/
330,https://www.homes.co.jp/tochi/b-1014130014130/
331,https://www.homes.co.jp/tochi/b-1014000012725/
332,https://www.homes.co.jp/tochi/b-1014000014685/
333,https://www.homes.co.jp/tochi/b-1014130014763/
334,https://www.homes.co.jp/tochi/b-1014130014413/
335,https://www.homes.co.jp/tochi/b-1014000014399/
336,https://www.homes.co.jp/tochi/b-1100730010718/
337,https://www.homes.co.jp/tochi/b-1100730010776/
338,https://www.homes.co.jp/tochi/b-1284470006076/
339,https://www.homes.co.jp/tochi/b-1483900000002/
340,https://www.homes.co.jp/tochi/b-1014190011735/
341,https://www.homes.co.jp/tochi/b-1014190010010/
342,https://www.homes.co.jp/tochi/b-1014190011915/
343,https://www.homes.co.jp/tochi/b-1014190010090/
