0,https://www.homes.co.jp/tochi/b-37073980000149/
1,https://www.homes.co.jp/tochi/b-1359110000260/
2,https://www.homes.co.jp/tochi/b-1313620000240/
3,https://www.homes.co.jp/tochi/b-1359110000197/
4,https://www.homes.co.jp/tochi/b-1293800001395/
5,https://www.homes.co.jp/tochi/b-1293800000986/
6,https://www.homes.co.jp/tochi/b-1293800001277/
7,https://www.homes.co.jp/tochi/b-1293800000974/
8,https://www.homes.co.jp/tochi/b-1293800000812/
9,https://www.homes.co.jp/tochi/b-1293800001145/
10,https://www.homes.co.jp/tochi/b-1293800001244/
11,https://www.homes.co.jp/tochi/b-1313620000242/
12,https://www.homes.co.jp/tochi/b-1293800001007/
13,https://www.homes.co.jp/tochi/b-1293800000848/
14,https://www.homes.co.jp/tochi/b-1293800001243/
