0,https://www.homes.co.jp/tochi/b-1293400001608/
1,https://www.homes.co.jp/tochi/b-37021450001596/
2,https://www.homes.co.jp/tochi/b-37021450001021/
3,https://www.homes.co.jp/tochi/b-1434120000089/
4,https://www.homes.co.jp/tochi/b-1434120000093/
5,https://www.homes.co.jp/tochi/b-1434120000245/
6,https://www.homes.co.jp/tochi/b-1434120000358/
7,https://www.homes.co.jp/tochi/b-1434120000348/
8,https://www.homes.co.jp/tochi/b-1293400001781/
9,https://www.homes.co.jp/tochi/b-1293400001648/
10,https://www.homes.co.jp/tochi/b-1293400001786/
11,https://www.homes.co.jp/tochi/b-1434120000045/
12,https://www.homes.co.jp/tochi/b-1434120000244/
13,https://www.homes.co.jp/tochi/b-1434120000169/
14,https://www.homes.co.jp/tochi/b-1293400001680/
15,https://www.homes.co.jp/tochi/b-1293400001793/
16,https://www.homes.co.jp/tochi/b-37021450001592/
17,https://www.homes.co.jp/tochi/b-37021450001156/
18,https://www.homes.co.jp/tochi/b-1293400001329/
19,https://www.homes.co.jp/tochi/b-1293400000889/
20,https://www.homes.co.jp/tochi/b-1293400001344/
21,https://www.homes.co.jp/tochi/b-1434120000088/
22,https://www.homes.co.jp/tochi/b-1434120000347/
23,https://www.homes.co.jp/tochi/b-1434120000350/
24,https://www.homes.co.jp/tochi/b-1434120000272/
25,https://www.homes.co.jp/tochi/b-1434120000330/
26,https://www.homes.co.jp/tochi/b-1107000000678/
27,https://www.homes.co.jp/tochi/b-1434120000049/
28,https://www.homes.co.jp/tochi/b-1434120000354/
29,https://www.homes.co.jp/tochi/b-1449340000018/
30,https://www.homes.co.jp/tochi/b-1293400001565/
31,https://www.homes.co.jp/tochi/b-37021450001606/
32,https://www.homes.co.jp/tochi/b-37021450001602/
