0,https://www.homes.co.jp/kodate/b-1297150000045/
1,https://www.homes.co.jp/kodate/b-1400440000025/
2,https://www.homes.co.jp/kodate/b-1408730000251/
3,https://www.homes.co.jp/kodate/b-1220190000409/
4,https://www.homes.co.jp/kodate/b-1469230000261/
5,https://www.homes.co.jp/kodate/b-1400440000027/
6,https://www.homes.co.jp/kodate/b-39018250000067/
7,https://www.homes.co.jp/kodate/b-1272680000967/
8,https://www.homes.co.jp/kodate/b-1400440000024/
9,https://www.homes.co.jp/kodate/b-1479390000028/
10,https://www.homes.co.jp/kodate/b-1454120000001/
11,https://www.homes.co.jp/kodate/b-91100000035/
12,https://www.homes.co.jp/kodate/b-1479390000020/
13,https://www.homes.co.jp/kodate/b-1404130000641/
14,https://www.homes.co.jp/kodate/b-1404130000416/
15,https://www.homes.co.jp/kodate/b-1473440000391/
16,https://www.homes.co.jp/kodate/b-1421570000637/
17,https://www.homes.co.jp/kodate/b-1421570000603/
18,https://www.homes.co.jp/kodate/b-1421590000529/
19,https://www.homes.co.jp/kodate/b-1272680000876/
20,https://www.homes.co.jp/kodate/b-1479390000025/
21,https://www.homes.co.jp/kodate/b-1469050000235/
22,https://www.homes.co.jp/kodate/b-1469230000284/
23,https://www.homes.co.jp/kodate/b-1010540000021/
24,https://www.homes.co.jp/kodate/b-1421590000448/
25,https://www.homes.co.jp/kodate/b-1421570000517/
26,https://www.homes.co.jp/kodate/b-39018250000170/
27,https://www.homes.co.jp/kodate/b-1421590000716/
28,https://www.homes.co.jp/kodate/b-1272680000991/
29,https://www.homes.co.jp/kodate/b-1421570000721/
30,https://www.homes.co.jp/kodate/b-39018250000153/
31,https://www.homes.co.jp/kodate/b-1421570000680/
32,https://www.homes.co.jp/kodate/b-1418690000010/
33,https://www.homes.co.jp/kodate/b-37050160002235/
34,https://www.homes.co.jp/kodate/b-1469230000273/
35,https://www.homes.co.jp/kodate/b-1421560000639/
36,https://www.homes.co.jp/kodate/b-1404130000705/
